field,signal,value,delay,datatype
current,Vehicle.Speed,80.0,0.0006959438323974609,FLOAT
current,Vehicle.OBD.EngineLoad,10.0,0.022857189178466797,FLOAT
current,Vehicle.Powertrain.Transmission.CurrentGear,1,0.01761484146118164,INT8
current,Vehicle.Powertrain.Transmission.IsParkLockEngaged,False,0.0016050338745117188,BOOLEAN
current,Vehicle.OBD.Speed,80.0,0.07611393928527832,FLOAT
current,Vehicle.Speed,80.0,0.0011570453643798828,FLOAT
current,Vehicle.OBD.EngineLoad,10.0,0.0026149749755859375,FLOAT
current,Vehicle.Powertrain.Transmission.CurrentGear,1,0.024804115295410156,INT8
current,Vehicle.Powertrain.Transmission.IsParkLockEngaged,False,0.0012688636779785156,BOOLEAN
current,Vehicle.OBD.Speed,80.0,0.06857180595397949,FLOAT
current,Vehicle.Speed,80.0,0.0012552738189697266,FLOAT
current,Vehicle.OBD.EngineLoad,10.0,0.005731821060180664,FLOAT
current,Vehicle.Powertrain.Transmission.CurrentGear,1,0.03260612487792969,INT8
current,Vehicle.Powertrain.Transmission.IsParkLockEngaged,False,0.0011909008026123047,BOOLEAN
current,Vehicle.OBD.Speed,80.0,0.061324119567871094,FLOAT
current,Vehicle.Speed,80.0,0.0023729801177978516,FLOAT
current,Vehicle.OBD.EngineLoad,10.0,0.03261399269104004,FLOAT
current,Vehicle.Powertrain.Transmission.CurrentGear,1,0.011218070983886719,INT8
current,Vehicle.Powertrain.Transmission.IsParkLockEngaged,False,0.0013089179992675781,BOOLEAN
current,Vehicle.OBD.Speed,81.0,0.07070088386535645,FLOAT
current,Vehicle.Speed,81.0,0.0011060237884521484,FLOAT
current,Vehicle.OBD.EngineLoad,10.0,0.01885819435119629,FLOAT
current,Vehicle.Powertrain.Transmission.CurrentGear,1,0.007004976272583008,INT8
current,Vehicle.Powertrain.Transmission.IsParkLockEngaged,False,0.0004119873046875,BOOLEAN
current,Vehicle.OBD.Speed,81.0,0.09207582473754883,FLOAT
current,Vehicle.Speed,81.0,0.0005230903625488281,FLOAT
current,Vehicle.OBD.EngineLoad,10.0,0.005020856857299805,FLOAT
current,Vehicle.Powertrain.Transmission.CurrentGear,1,0.014840126037597656,INT8
current,Vehicle.Powertrain.Transmission.IsParkLockEngaged,False,0.0004379749298095703,BOOLEAN
current,Vehicle.OBD.EngineLoad,10.0,0.08711719512939453,FLOAT
current,Vehicle.OBD.Speed,81.0,0.01199483871459961,FLOAT
current,Vehicle.Speed,81.0,0.0004971027374267578,FLOAT
current,Vehicle.Powertrain.Transmission.CurrentGear,1,0.00716400146484375,INT8
current,Vehicle.Powertrain.Transmission.IsParkLockEngaged,False,0.00039076805114746094,BOOLEAN
current,Vehicle.OBD.EngineLoad,10.0,0.09197211265563965,FLOAT
current,Vehicle.Powertrain.Transmission.CurrentGear,1,0.007786989212036133,INT8
current,Vehicle.Powertrain.Transmission.IsParkLockEngaged,False,0.0003509521484375,BOOLEAN
current,Vehicle.OBD.Speed,82.0,0.011095046997070312,FLOAT
current,Vehicle.Speed,82.0,0.0005919933319091797,FLOAT
current,Vehicle.Powertrain.Transmission.CurrentGear,1,0.09069991111755371,INT8
current,Vehicle.Powertrain.Transmission.IsParkLockEngaged,False,0.0004851818084716797,BOOLEAN
current,Vehicle.OBD.EngineLoad,9.0,0.001644134521484375,FLOAT
current,Vehicle.OBD.Speed,82.0,0.009612083435058594,FLOAT
current,Vehicle.Speed,82.0,0.0003707408905029297,FLOAT
current,Vehicle.OBD.EngineLoad,8.0,0.09522795677185059,FLOAT
current,Vehicle.Powertrain.Transmission.CurrentGear,1,0.00048804283142089844,INT8
current,Vehicle.Powertrain.Transmission.IsParkLockEngaged,False,0.0004849433898925781,BOOLEAN
current,Vehicle.OBD.Speed,82.0,0.019269943237304688,FLOAT
current,Vehicle.Speed,82.0,0.0003650188446044922,FLOAT
current,Vehicle.OBD.EngineLoad,7.0,0.08089494705200195,FLOAT
current,Vehicle.Powertrain.Transmission.CurrentGear,1,0.0007262229919433594,INT8
current,Vehicle.Powertrain.Transmission.IsParkLockEngaged,False,0.0007290840148925781,BOOLEAN
current,Vehicle.OBD.Speed,82.0,0.019292831420898438,FLOAT
current,Vehicle.Speed,82.0,0.0008270740509033203,FLOAT
current,Vehicle.OBD.EngineLoad,5.0,0.07863402366638184,FLOAT
current,Vehicle.Powertrain.Transmission.CurrentGear,1,0.00035381317138671875,INT8
current,Vehicle.Powertrain.Transmission.IsParkLockEngaged,False,0.0004432201385498047,BOOLEAN
current,Vehicle.OBD.Speed,82.0,0.019237756729125977,FLOAT
current,Vehicle.Speed,82.0,0.0005202293395996094,FLOAT
current,Vehicle.OBD.EngineLoad,4.0,0.08670687675476074,FLOAT
current,Vehicle.Powertrain.Transmission.CurrentGear,1,0.0003552436828613281,INT8
current,Vehicle.Powertrain.Transmission.IsParkLockEngaged,False,0.00041866302490234375,BOOLEAN
current,Vehicle.OBD.Speed,82.0,0.0311281681060791,FLOAT
current,Vehicle.Speed,82.0,0.0003578662872314453,FLOAT
current,Vehicle.OBD.EngineLoad,4.0,0.08114027976989746,FLOAT
current,Vehicle.Powertrain.Transmission.CurrentGear,1,0.00045680999755859375,INT8
current,Vehicle.Powertrain.Transmission.IsParkLockEngaged,False,0.00041103363037109375,BOOLEAN
current,Vehicle.OBD.Speed,82.0,0.038580894470214844,FLOAT
current,Vehicle.Speed,82.0,0.0004322528839111328,FLOAT
current,Vehicle.OBD.EngineLoad,5.0,0.0666496753692627,FLOAT
current,Vehicle.Powertrain.Transmission.CurrentGear,1,0.0007250308990478516,INT8
current,Vehicle.Powertrain.Transmission.IsParkLockEngaged,False,0.0004899501800537109,BOOLEAN
current,Vehicle.OBD.Speed,82.0,0.03206133842468262,FLOAT
current,Vehicle.Speed,82.0,0.00041294097900390625,FLOAT
current,Vehicle.OBD.EngineLoad,5.0,0.06709885597229004,FLOAT
current,Vehicle.Powertrain.Transmission.CurrentGear,1,0.0018138885498046875,INT8
current,Vehicle.Powertrain.Transmission.IsParkLockEngaged,False,0.0004711151123046875,BOOLEAN
current,Vehicle.OBD.Speed,82.0,0.03967618942260742,FLOAT
current,Vehicle.Speed,82.0,0.00039768218994140625,FLOAT
current,Vehicle.OBD.EngineLoad,7.0,0.05800127983093262,FLOAT
current,Vehicle.Powertrain.Transmission.CurrentGear,1,0.010365009307861328,INT8
current,Vehicle.Powertrain.Transmission.IsParkLockEngaged,False,0.000518798828125,BOOLEAN
current,Vehicle.OBD.Speed,82.0,0.039276123046875,FLOAT
current,Vehicle.Speed,82.0,0.0007050037384033203,FLOAT
current,Vehicle.OBD.EngineLoad,7.0,0.06463789939880371,FLOAT
current,Vehicle.Powertrain.Transmission.CurrentGear,1,0.0014891624450683594,INT8
current,Vehicle.Powertrain.Transmission.IsParkLockEngaged,False,0.0010619163513183594,BOOLEAN
current,Vehicle.OBD.Speed,82.0,0.035121917724609375,FLOAT
current,Vehicle.Speed,82.0,0.0012440681457519531,FLOAT
current,Vehicle.OBD.EngineLoad,8.0,0.06559276580810547,FLOAT
current,Vehicle.Powertrain.Transmission.CurrentGear,1,0.0006771087646484375,INT8
current,Vehicle.Powertrain.Transmission.IsParkLockEngaged,False,0.001032114028930664,BOOLEAN
current,Vehicle.OBD.Speed,82.0,0.04821491241455078,FLOAT
current,Vehicle.Speed,82.0,0.0004050731658935547,FLOAT
current,Vehicle.OBD.EngineLoad,9.0,0.05840110778808594,FLOAT
current,Vehicle.Powertrain.Transmission.CurrentGear,1,0.0003669261932373047,INT8
current,Vehicle.Powertrain.Transmission.IsParkLockEngaged,False,0.0005619525909423828,BOOLEAN
current,Vehicle.OBD.Speed,83.0,0.040246009826660156,FLOAT
current,Vehicle.Speed,83.0,0.0005741119384765625,FLOAT
current,Vehicle.OBD.EngineLoad,9.0,0.06144285202026367,FLOAT
